id_cliente,nome,telefone,data_nascimento
1,Cliente 1,91965682867,2001-06-15
2,Cliente 2,71956882282,2010-03-25
3,Cliente 3,71913315092,1966-05-30
4,Cliente 4,91935788921,2003-08-30
5,Cliente 5,31926735830,1977-11-18
6,Cliente 6,31993410762,1971-11-07
7,Cliente 7,71931632483,1979-06-04
8,Cliente 8,31988409749,2005-06-14
9,Cliente 9,71904981505,2009-06-06
10,Cliente 10,61904521373,2001-12-27
11,Cliente 11,81903344769,1955-08-02
12,Cliente 12,61998750923,1965-04-20
13,Cliente 13,21930349564,1991-09-08
14,Cliente 14,61999052376,1981-09-29
15,Cliente 15,11977751354,1984-02-18
16,Cliente 16,91962250665,1973-06-06
17,Cliente 17,61921498555,2008-05-23
18,Cliente 18,91979757501,1970-11-09
19,Cliente 19,81916861870,1998-04-27
20,Cliente 20,81952286002,1979-01-18
21,Cliente 21,61961136438,1992-04-17
22,Cliente 22,61965285250,1998-11-10
23,Cliente 23,71959248434,1962-06-13
24,Cliente 24,91961306900,1979-05-20
25,Cliente 25,11910959014,1979-12-28
26,Cliente 26,21948900483,1999-11-11
27,Cliente 27,11903385357,1972-06-08
28,Cliente 28,21944738553,1993-06-26
29,Cliente 29,11968574553,1988-07-02
30,Cliente 30,71952157313,2005-03-12
31,Cliente 31,61995672411,1994-07-26
32,Cliente 32,91969778859,2002-05-15
33,Cliente 33,71988883975,2008-07-19
34,Cliente 34,91973506850,1983-07-26
35,Cliente 35,81968979792,1997-07-04
36,Cliente 36,61926939239,1955-03-31
37,Cliente 37,61981200125,2004-07-15
38,Cliente 38,81987796277,1983-05-15
39,Cliente 39,21922335235,1999-10-26
40,Cliente 40,81900271836,1963-04-30
41,Cliente 41,91952631083,1955-04-16
42,Cliente 42,21986544585,1979-11-09
43,Cliente 43,81987655395,2005-01-17
44,Cliente 44,81936601694,1971-09-04
45,Cliente 45,91934119117,1971-08-27
46,Cliente 46,91989482491,2001-08-05
47,Cliente 47,11955105831,1960-04-09
48,Cliente 48,71958743503,2005-06-27
49,Cliente 49,71991693393,1973-12-09
50,Cliente 50,91969739572,2008-06-19
51,Cliente 51,21957055419,1956-07-06
52,Cliente 52,61968394024,1965-09-16
53,Cliente 53,71989966606,1964-04-12
54,Cliente 54,71951757120,1992-04-25
55,Cliente 55,11977897542,1961-08-27
56,Cliente 56,11995540567,1956-04-03
57,Cliente 57,11948170987,1991-09-04
58,Cliente 58,91912719242,1955-07-27
59,Cliente 59,31983139152,1957-06-18
60,Cliente 60,31938334882,1986-11-27
61,Cliente 61,11952441466,1999-12-01
62,Cliente 62,71986117865,1978-07-20
63,Cliente 63,91995000616,1957-06-13
64,Cliente 64,61983122310,1956-05-29
65,Cliente 65,11951327755,1966-04-02
66,Cliente 66,21907130144,1991-04-20
67,Cliente 67,91954079037,1996-12-04
68,Cliente 68,71946626914,1997-01-09
69,Cliente 69,61953933927,1974-08-28
70,Cliente 70,81952453338,1983-04-10
71,Cliente 71,31914881728,1987-04-10
72,Cliente 72,31912722094,1959-04-10
73,Cliente 73,81922178434,1992-04-08
74,Cliente 74,11912796932,2003-04-29
75,Cliente 75,21974023414,2009-10-26
76,Cliente 76,91926063245,2009-03-29
77,Cliente 77,91939443226,1968-02-02
78,Cliente 78,11999483854,2005-02-18
79,Cliente 79,91973619289,1987-07-26
80,Cliente 80,21907887739,1961-06-14
81,Cliente 81,71961071026,1968-02-12
82,Cliente 82,91989178975,2000-09-11
83,Cliente 83,91928433648,2009-11-22
84,Cliente 84,61903331068,1982-11-16
85,Cliente 85,61905654237,1974-04-28
86,Cliente 86,71945816038,1999-01-12
87,Cliente 87,71936898446,1956-10-23
88,Cliente 88,31966834972,1967-09-19
89,Cliente 89,61922993420,1998-01-06
90,Cliente 90,91936513466,1962-12-30
91,Cliente 91,31921351509,1998-10-24
92,Cliente 92,61961777469,1993-05-26
93,Cliente 93,11950441204,1979-06-30
94,Cliente 94,81981752859,1989-11-10
95,Cliente 95,61944066131,1972-01-28
96,Cliente 96,81935563453,1999-08-27
97,Cliente 97,31950873983,1992-01-05
98,Cliente 98,21990586459,1955-12-19
99,Cliente 99,11923637222,1974-03-07
100,Cliente 100,81970016224,1993-06-06
101,Cliente 101,11939449976,2000-04-16
102,Cliente 102,31989583549,1957-08-14
103,Cliente 103,11923685747,1960-09-02
104,Cliente 104,71972931048,1978-07-14
105,Cliente 105,31929859174,1996-06-14
106,Cliente 106,81946159303,1990-01-20
107,Cliente 107,31947936136,1964-06-15
108,Cliente 108,81914421668,1973-04-11
109,Cliente 109,11983375337,1957-08-13
110,Cliente 110,61923234510,1972-03-27
111,Cliente 111,31945968757,1998-08-04
112,Cliente 112,11985382256,2004-07-18
113,Cliente 113,81913022704,1996-11-03
114,Cliente 114,21907654909,1967-11-17
115,Cliente 115,91984302960,1972-12-20
116,Cliente 116,71915421040,1987-11-12
117,Cliente 117,11972073914,1984-08-13
118,Cliente 118,11933779713,1985-08-02
119,Cliente 119,21920560091,1989-06-13
120,Cliente 120,81907734102,1988-05-28
121,Cliente 121,71905674719,2003-09-04
122,Cliente 122,11940163712,1989-02-24
123,Cliente 123,31985447809,1980-11-26
124,Cliente 124,71988917675,2010-01-10
125,Cliente 125,21972586911,1997-09-13
126,Cliente 126,81968227907,1956-06-13
127,Cliente 127,91949905866,2007-12-16
128,Cliente 128,31940657662,2009-09-09
129,Cliente 129,81906659908,1989-12-13
130,Cliente 130,61963020641,1993-01-31
131,Cliente 131,81919433354,1986-08-27
132,Cliente 132,91973422991,1980-01-01
133,Cliente 133,11935562619,1956-06-09
134,Cliente 134,31935703247,1999-11-11
135,Cliente 135,71962744322,1956-01-10
136,Cliente 136,61957805563,1988-05-24
137,Cliente 137,31906404003,1967-09-23
138,Cliente 138,31951939266,1961-06-23
139,Cliente 139,91933267858,2004-01-13
140,Cliente 140,61986641503,1959-07-05
141,Cliente 141,91977809459,1955-01-14
142,Cliente 142,11914764960,1967-08-05
143,Cliente 143,91953777024,1961-03-28
144,Cliente 144,31970721464,1994-02-21
145,Cliente 145,11992649393,1963-08-22
146,Cliente 146,91943799966,1977-10-13
147,Cliente 147,81935581225,1965-06-11
148,Cliente 148,31942090758,1990-12-08
149,Cliente 149,61980337039,1963-10-22
150,Cliente 150,21957631343,1960-10-14
151,Cliente 151,11971450611,1983-01-12
152,Cliente 152,61946510960,1992-09-03
153,Cliente 153,21995415947,1989-06-19
154,Cliente 154,71932797855,1964-03-28
155,Cliente 155,31905184502,1972-08-09
156,Cliente 156,11923448674,2009-05-07
157,Cliente 157,31930948143,2008-04-17
158,Cliente 158,31954006163,1987-10-10
159,Cliente 159,81954847136,1956-09-21
160,Cliente 160,61992942922,2000-08-05
161,Cliente 161,11923101383,1984-08-27
162,Cliente 162,61954710375,1970-09-03
163,Cliente 163,61978110973,1985-05-06
164,Cliente 164,31933163773,1991-01-01
165,Cliente 165,11931146082,2009-04-03
166,Cliente 166,11921739356,1980-12-07
167,Cliente 167,21919576703,1972-03-08
168,Cliente 168,81975092305,1997-10-22
169,Cliente 169,21918877237,1971-02-21
170,Cliente 170,31923705256,1993-04-25
171,Cliente 171,61977633091,1983-11-22
172,Cliente 172,11955403796,2001-06-07
173,Cliente 173,61997576439,1971-09-13
174,Cliente 174,91909405634,1981-01-03
175,Cliente 175,11924947744,2008-08-06
176,Cliente 176,61937856186,1963-09-14
177,Cliente 177,31948673237,2007-05-06
178,Cliente 178,91901983509,1971-09-30
179,Cliente 179,81918298917,1997-08-11
180,Cliente 180,81977729132,1964-10-08
181,Cliente 181,31973214389,1981-12-17
182,Cliente 182,31958245345,1993-09-13
183,Cliente 183,71911326237,2005-11-21
184,Cliente 184,11961864219,2003-08-31
185,Cliente 185,91987692768,1959-10-09
186,Cliente 186,71949114107,2005-02-16
187,Cliente 187,71940820227,1956-09-11
188,Cliente 188,31979688895,2003-05-07
189,Cliente 189,11953059071,2002-06-23
190,Cliente 190,11912707035,1960-04-23
191,Cliente 191,81970560220,2010-09-06
192,Cliente 192,81936998516,1998-10-23
193,Cliente 193,81966385640,1957-08-26
194,Cliente 194,71994783767,1995-08-25
195,Cliente 195,71994206448,1955-10-09
196,Cliente 196,81942058334,1997-01-20
197,Cliente 197,31949742523,1972-02-23
198,Cliente 198,11955174259,1957-11-24
199,Cliente 199,91943369428,1984-05-12
200,Cliente 200,91979348896,1969-03-06
201,Cliente 201,31956877183,1974-02-10
202,Cliente 202,21984574185,1980-03-10
203,Cliente 203,91901989173,1958-05-14
204,Cliente 204,21932474983,1978-03-08
205,Cliente 205,81914716695,2007-05-12
206,Cliente 206,21991299103,1961-04-08
207,Cliente 207,91991499349,1958-05-24
208,Cliente 208,91964785345,1969-09-14
209,Cliente 209,91978725274,1999-04-10
210,Cliente 210,21910192257,1955-05-06
211,Cliente 211,21994569232,1989-03-27
212,Cliente 212,11949913224,1997-02-27
213,Cliente 213,31991959541,1973-03-05
214,Cliente 214,91953007836,1972-12-27
215,Cliente 215,21958114585,1963-11-24
216,Cliente 216,31926658609,1979-12-11
217,Cliente 217,11976294551,1975-10-18
218,Cliente 218,71982008891,1992-04-01
219,Cliente 219,21922268806,1988-03-03
220,Cliente 220,11912431395,1972-03-26
221,Cliente 221,71929093907,1970-10-06
222,Cliente 222,11936253447,1989-06-26
223,Cliente 223,81962460303,1960-05-23
224,Cliente 224,81964447435,1985-01-28
225,Cliente 225,31902503771,2002-04-19
226,Cliente 226,21900996161,1967-03-29
227,Cliente 227,91967758014,1982-12-30
228,Cliente 228,81967227698,1981-03-01
229,Cliente 229,11948939582,1980-03-16
230,Cliente 230,81922725756,1982-05-10
231,Cliente 231,81971531065,1975-08-03
232,Cliente 232,81901079600,1992-06-04
233,Cliente 233,61932576169,1967-08-18
234,Cliente 234,81994555918,1988-11-16
235,Cliente 235,81925050090,2003-02-20
236,Cliente 236,61960779108,1997-07-31
237,Cliente 237,11966009351,1995-02-06
238,Cliente 238,71992526139,1969-05-05
239,Cliente 239,61984890726,1997-08-25
240,Cliente 240,61987753580,1997-06-13
241,Cliente 241,61921921117,1965-03-08
242,Cliente 242,91951592034,1955-10-30
243,Cliente 243,91957351079,1988-04-01
244,Cliente 244,61933266319,2002-07-23
245,Cliente 245,71903379569,1982-07-13
246,Cliente 246,61944910237,1967-02-27
247,Cliente 247,31959855504,1963-05-31
248,Cliente 248,91906319707,1992-03-25
249,Cliente 249,21968532150,1994-02-12
250,Cliente 250,21978911293,1993-03-27
251,Cliente 251,91994766206,2008-05-30
252,Cliente 252,11904294539,1981-01-23
253,Cliente 253,71973204793,1991-08-20
254,Cliente 254,21900803328,1987-06-27
255,Cliente 255,91901043233,1977-03-31
256,Cliente 256,81900529525,1964-01-05
257,Cliente 257,11916953831,1966-01-16
258,Cliente 258,71956996736,1968-12-23
259,Cliente 259,71982235366,2001-10-13
260,Cliente 260,91977183765,1977-04-08
261,Cliente 261,71957338102,2001-06-06
262,Cliente 262,31915192217,1970-08-14
263,Cliente 263,31933698788,1976-06-27
264,Cliente 264,81961819576,1990-07-11
265,Cliente 265,71995875021,1973-12-16
266,Cliente 266,61963362116,2010-05-04
267,Cliente 267,91940711152,2008-09-13
268,Cliente 268,81950296557,1956-05-03
269,Cliente 269,81969397491,1974-06-24
270,Cliente 270,71923295179,1998-02-04
271,Cliente 271,21957399769,1963-09-09
272,Cliente 272,71920279846,1959-07-26
273,Cliente 273,61972807712,1966-04-07
274,Cliente 274,81972193785,1964-09-23
275,Cliente 275,21950018037,1976-04-01
276,Cliente 276,71950166883,1957-09-27
277,Cliente 277,21946787763,1997-10-25
278,Cliente 278,91965732489,2003-08-29
279,Cliente 279,21913470137,1969-12-03
280,Cliente 280,11934907127,1965-03-01
281,Cliente 281,71928709379,1958-09-29
282,Cliente 282,91928997889,1977-06-03
283,Cliente 283,11999967871,1979-09-05
284,Cliente 284,31984607827,2001-02-06
285,Cliente 285,61956564401,2007-06-13
286,Cliente 286,31978547323,1965-03-15
287,Cliente 287,11989132960,1968-02-28
288,Cliente 288,71961704882,1960-12-30
289,Cliente 289,31917028708,1979-12-09
290,Cliente 290,61947685442,1988-05-05
291,Cliente 291,11982396202,1962-11-15
292,Cliente 292,61929469068,1970-04-24
293,Cliente 293,61930185054,2003-10-20
294,Cliente 294,81978262145,1989-06-23
295,Cliente 295,71902976242,1979-06-11
296,Cliente 296,21937317456,1994-07-12
297,Cliente 297,21927812615,1986-07-27
298,Cliente 298,71904833177,1974-03-12
299,Cliente 299,21999952217,1985-09-07
300,Cliente 300,81908454561,1963-03-09
301,Cliente 301,31902597480,1987-12-19
302,Cliente 302,91923151417,1980-03-28
303,Cliente 303,71919699313,1972-09-19
304,Cliente 304,71910617244,1962-11-03
305,Cliente 305,61950234072,1984-04-11
306,Cliente 306,71903369720,1958-03-23
307,Cliente 307,61991008393,1968-01-13
308,Cliente 308,71902640328,1955-01-12
309,Cliente 309,31993437616,1999-10-10
310,Cliente 310,31927348975,1986-08-22
311,Cliente 311,61900070640,1986-08-29
312,Cliente 312,91977498463,1993-06-21
313,Cliente 313,91962976036,1985-03-06
314,Cliente 314,61997684848,1977-07-18
315,Cliente 315,91903741196,1999-04-13
316,Cliente 316,91919511512,1991-01-30
317,Cliente 317,31940260456,1972-12-27
318,Cliente 318,81913217648,1956-02-11
319,Cliente 319,81959946863,1980-03-16
320,Cliente 320,11932425301,1967-02-18
321,Cliente 321,71988146618,1972-11-29
322,Cliente 322,31960995760,1979-05-21
323,Cliente 323,61946547339,1966-05-09
324,Cliente 324,71914573458,1987-12-25
325,Cliente 325,61947911176,1989-07-12
326,Cliente 326,91982896667,1990-10-20
327,Cliente 327,81988132318,2000-03-29
328,Cliente 328,61946977874,1968-05-14
329,Cliente 329,21929365614,1993-08-22
330,Cliente 330,71951371106,1992-05-11
331,Cliente 331,61969426200,1971-06-18
332,Cliente 332,61969872506,2002-06-30
333,Cliente 333,71910198499,1974-07-31
334,Cliente 334,71944362902,1964-11-19
335,Cliente 335,11984673574,1982-01-23
336,Cliente 336,71923614649,1973-11-16
337,Cliente 337,91978507230,1991-11-15
338,Cliente 338,21917310852,2000-02-23
339,Cliente 339,31954564054,1982-01-12
340,Cliente 340,71930773482,1988-08-24
341,Cliente 341,31977273675,1988-06-04
342,Cliente 342,11949437769,1984-08-24
343,Cliente 343,21999294096,1960-11-07
344,Cliente 344,71992800518,2009-07-10
345,Cliente 345,81957849484,1958-07-10
346,Cliente 346,21992992904,1998-01-05
347,Cliente 347,21972571674,1986-02-18
348,Cliente 348,21992792001,1998-08-28
349,Cliente 349,71957235484,1974-04-23
350,Cliente 350,71962182821,1965-01-02
351,Cliente 351,31980768647,2006-04-26
352,Cliente 352,71923020885,1997-09-17
353,Cliente 353,61977031056,1978-08-24
354,Cliente 354,91906200646,1972-08-20
355,Cliente 355,11914509187,1981-06-20
356,Cliente 356,61905409861,1988-04-06
357,Cliente 357,61990197406,1959-12-04
358,Cliente 358,31912831595,1981-04-14
359,Cliente 359,81975524262,1970-01-17
360,Cliente 360,31900448345,1982-02-08
361,Cliente 361,31974936358,1992-06-08
362,Cliente 362,81915814828,1985-06-22
363,Cliente 363,71938538877,1996-09-04
364,Cliente 364,21995450771,1958-07-24
365,Cliente 365,61973851335,1980-10-31
366,Cliente 366,71944196734,2008-05-03
367,Cliente 367,11989630668,1967-08-22
368,Cliente 368,61938503931,1999-11-19
369,Cliente 369,11987580056,1984-01-26
370,Cliente 370,11920812709,1970-10-01
371,Cliente 371,71989589817,1981-12-22
372,Cliente 372,61939301804,1972-03-27
373,Cliente 373,71951152700,2002-10-17
374,Cliente 374,91969334164,1963-10-31
375,Cliente 375,81978998740,1958-08-09
376,Cliente 376,31955257851,1988-10-11
377,Cliente 377,71912842659,1973-08-21
378,Cliente 378,31933978002,1965-01-31
379,Cliente 379,61955553464,1974-10-15
380,Cliente 380,21942801198,1963-12-18
381,Cliente 381,11935427853,1955-05-26
382,Cliente 382,91973190814,1968-09-19
383,Cliente 383,11910986868,1998-11-26
384,Cliente 384,81993691765,1963-04-29
385,Cliente 385,31978815702,1981-06-07
386,Cliente 386,11938673354,2001-03-06
387,Cliente 387,61991063625,2008-07-24
388,Cliente 388,81977982667,2003-04-12
389,Cliente 389,61999471732,2001-08-01
390,Cliente 390,21902667867,1996-01-22
391,Cliente 391,61956987271,1999-09-23
392,Cliente 392,21945718843,1979-03-29
393,Cliente 393,21968452891,1987-01-08
394,Cliente 394,61971275364,1962-10-23
395,Cliente 395,11942734307,1998-11-05
396,Cliente 396,31945791733,1957-09-14
397,Cliente 397,91920814992,1975-11-14
398,Cliente 398,11921288948,1980-01-30
399,Cliente 399,61938791628,2002-11-14
400,Cliente 400,61990012399,1973-03-19
401,Cliente 401,71935154828,1975-04-27
402,Cliente 402,81958842658,1957-02-08
403,Cliente 403,71913021573,2003-07-15
404,Cliente 404,21944620658,1993-08-23
405,Cliente 405,71984461358,1966-12-07
406,Cliente 406,11951509697,1986-08-09
407,Cliente 407,21907136029,2006-04-16
408,Cliente 408,21987350522,1970-08-09
409,Cliente 409,71936869124,2003-04-04
410,Cliente 410,91921496823,1958-01-30
411,Cliente 411,11949907857,1984-07-20
412,Cliente 412,91907468810,1973-07-09
413,Cliente 413,71925301054,1988-09-27
414,Cliente 414,11905001045,1990-09-05
415,Cliente 415,31928267184,1993-06-22
416,Cliente 416,71904345760,1989-08-10
417,Cliente 417,21923930984,1976-06-22
418,Cliente 418,31938019582,1993-11-27
419,Cliente 419,11958720660,2000-01-21
420,Cliente 420,91990075653,1982-09-02
421,Cliente 421,61901722320,1969-03-17
422,Cliente 422,71929702914,1961-10-08
423,Cliente 423,71997278998,2001-10-17
424,Cliente 424,71931657524,2004-10-18
425,Cliente 425,71930413513,1973-05-10
426,Cliente 426,21912243026,1965-03-02
427,Cliente 427,11995927380,1968-10-30
428,Cliente 428,81975356616,1984-06-13
429,Cliente 429,81906195200,1961-10-11
430,Cliente 430,31953363404,1964-11-19
431,Cliente 431,61942489277,1966-08-26
432,Cliente 432,11966360176,1994-08-28
433,Cliente 433,21961902171,1959-10-02
434,Cliente 434,91985072967,1977-08-11
435,Cliente 435,91965812633,1976-11-05
436,Cliente 436,21987220897,1961-08-25
437,Cliente 437,81995856757,1988-10-19
438,Cliente 438,31986601594,1975-05-02
439,Cliente 439,21936213003,1978-05-13
440,Cliente 440,11988720437,1969-05-16
441,Cliente 441,61907102173,2007-07-28
442,Cliente 442,31938720111,2010-06-19
443,Cliente 443,91961356950,1981-07-09
444,Cliente 444,91914681316,1993-08-18
445,Cliente 445,71961681549,1956-10-23
446,Cliente 446,21948840101,1988-01-23
447,Cliente 447,61950305761,1995-06-28
448,Cliente 448,81961580593,1982-07-18
449,Cliente 449,21950011985,1998-05-11
450,Cliente 450,81932843745,1983-10-27
451,Cliente 451,61969562616,1964-03-28
452,Cliente 452,81957597408,1955-07-27
453,Cliente 453,91992525563,1962-04-19
454,Cliente 454,81979945266,2006-09-07
455,Cliente 455,11951628164,1956-09-24
456,Cliente 456,71994804867,1963-06-11
457,Cliente 457,21987349431,1992-07-16
458,Cliente 458,11981251088,1982-09-19
459,Cliente 459,61916045907,2010-01-15
460,Cliente 460,71948458273,1974-07-03
461,Cliente 461,81915734209,1984-06-11
462,Cliente 462,71992903549,1959-08-07
463,Cliente 463,31973658410,1998-07-15
464,Cliente 464,31957395058,1955-08-25
465,Cliente 465,91916663288,1975-05-22
466,Cliente 466,91913081782,1967-03-02
467,Cliente 467,91959387253,1997-05-03
468,Cliente 468,61938660995,1978-06-04
469,Cliente 469,11993580482,2006-05-05
470,Cliente 470,31965438362,2000-08-21
471,Cliente 471,71918727583,1955-05-29
472,Cliente 472,21935156028,1991-09-04
473,Cliente 473,21921900338,2010-11-29
474,Cliente 474,31939902996,1968-05-27
475,Cliente 475,71905723601,2002-08-18
476,Cliente 476,61916618153,1985-03-07
477,Cliente 477,71902382357,1984-04-17
478,Cliente 478,71975012933,1981-08-07
479,Cliente 479,11913630084,2007-06-26
480,Cliente 480,11952576779,2010-01-21
481,Cliente 481,21982537517,1999-04-03
482,Cliente 482,21916099248,1970-10-31
483,Cliente 483,81975589337,2006-06-14
484,Cliente 484,71939010202,2000-10-15
485,Cliente 485,11977998328,1962-09-18
486,Cliente 486,91912457080,1996-05-01
487,Cliente 487,81982716910,2006-09-10
488,Cliente 488,81903125354,1969-07-05
489,Cliente 489,91909818159,1982-02-25
490,Cliente 490,71911145552,2004-06-25
491,Cliente 491,21994562311,1963-12-12
492,Cliente 492,11915152994,1967-01-24
493,Cliente 493,71975191987,2003-10-22
494,Cliente 494,91922937902,1983-06-05
495,Cliente 495,91976415031,1967-02-24
496,Cliente 496,81974588685,1969-11-18
497,Cliente 497,21942758171,1966-03-31
498,Cliente 498,91900067661,1956-07-14
499,Cliente 499,21923335437,1988-10-03
500,Cliente 500,31910466615,1960-01-01
501,Cliente 501,31986787694,1986-04-09
502,Cliente 502,91950154221,1988-07-31
503,Cliente 503,31903708654,1975-11-21
504,Cliente 504,61957647084,1977-10-17
505,Cliente 505,21942573305,2008-06-13
506,Cliente 506,81905872354,1976-01-24
507,Cliente 507,31947756479,1977-08-17
508,Cliente 508,11980123510,1989-09-25
509,Cliente 509,71986205129,1992-07-21
510,Cliente 510,91941142200,1973-05-27
511,Cliente 511,11964413145,2008-01-05
512,Cliente 512,81962132760,1975-03-10
513,Cliente 513,11922419480,1971-03-05
514,Cliente 514,61948766345,1999-02-26
515,Cliente 515,31946523537,1970-06-27
516,Cliente 516,91993198563,1979-08-07
517,Cliente 517,91977620693,1977-09-08
518,Cliente 518,21908411883,1971-02-27
519,Cliente 519,31916203305,1968-06-18
520,Cliente 520,11983031557,1978-01-29
521,Cliente 521,61989838873,1995-04-17
522,Cliente 522,21953028791,1998-03-31
523,Cliente 523,31976301164,1985-06-30
524,Cliente 524,81951646180,1961-12-05
525,Cliente 525,11979357216,2005-03-23
526,Cliente 526,71934499221,2002-09-23
527,Cliente 527,71992800581,1970-10-21
528,Cliente 528,91981861231,1997-05-16
529,Cliente 529,61930354781,2006-10-13
530,Cliente 530,31916514877,1998-02-15
531,Cliente 531,81973545310,1963-02-12
532,Cliente 532,91976165878,1974-07-17
533,Cliente 533,31978350878,2002-06-30
534,Cliente 534,71958534435,2001-04-29
535,Cliente 535,91992815365,1993-01-12
536,Cliente 536,21957975251,1975-02-05
537,Cliente 537,61947870026,1976-10-24
538,Cliente 538,61922763342,1988-12-28
539,Cliente 539,81927132021,1987-07-03
540,Cliente 540,11994484061,1987-08-17
541,Cliente 541,81953228466,1978-11-30
542,Cliente 542,81999325368,1957-04-25
543,Cliente 543,21916263882,2008-03-03
544,Cliente 544,21983721515,1961-10-30
545,Cliente 545,71948014453,1989-09-16
546,Cliente 546,61982405138,2007-04-21
547,Cliente 547,61932686304,2005-01-06
548,Cliente 548,61990567214,1988-10-04
549,Cliente 549,11972456281,1969-03-07
550,Cliente 550,81931699263,1973-02-05
551,Cliente 551,81980480036,1972-08-09
552,Cliente 552,81953215075,1974-08-03
553,Cliente 553,71905752810,1992-11-10
554,Cliente 554,31988362656,1982-10-11
555,Cliente 555,81972017911,1972-10-06
556,Cliente 556,21974531076,1965-07-17
557,Cliente 557,91975900553,2001-09-29
558,Cliente 558,61961119361,1992-02-20
559,Cliente 559,71919931456,1968-11-26
560,Cliente 560,91911643208,1988-04-25
561,Cliente 561,11998552584,1969-12-01
562,Cliente 562,31918967438,2003-02-01
563,Cliente 563,81924012790,1979-11-05
564,Cliente 564,31921982813,1972-07-16
565,Cliente 565,91999983152,1979-02-04
566,Cliente 566,71977822269,1993-07-23
567,Cliente 567,61909742257,1959-06-27
568,Cliente 568,81952044151,1983-04-24
569,Cliente 569,31903609736,1958-10-14
570,Cliente 570,21918161634,1958-11-04
571,Cliente 571,31986755840,1979-09-03
572,Cliente 572,81972347195,1964-01-06
573,Cliente 573,71963446855,1979-09-03
574,Cliente 574,31960203880,1956-02-24
575,Cliente 575,71960676365,1988-12-24
576,Cliente 576,61931808285,1967-05-15
577,Cliente 577,31934427604,2008-11-24
578,Cliente 578,71908910852,1997-03-23
579,Cliente 579,31938428026,1981-07-23
580,Cliente 580,81999065241,1970-08-03
581,Cliente 581,81964770179,1957-02-06
582,Cliente 582,11909451244,2005-06-15
583,Cliente 583,21974926168,1995-07-28
584,Cliente 584,21917606951,1959-03-30
585,Cliente 585,91908351245,1982-04-05
586,Cliente 586,31986448549,1971-10-24
587,Cliente 587,11905345854,1984-09-02
588,Cliente 588,91964365536,1965-03-05
589,Cliente 589,11949875088,1967-04-09
590,Cliente 590,11970790126,1972-12-05
591,Cliente 591,91902609089,2006-02-19
592,Cliente 592,81917691444,1968-03-30
593,Cliente 593,31949818662,1976-03-29
594,Cliente 594,31910016389,1984-11-04
595,Cliente 595,31911630982,1976-11-19
596,Cliente 596,31996231367,1970-03-05
597,Cliente 597,21961298111,1995-08-07
598,Cliente 598,61954869006,1998-12-13
599,Cliente 599,91909496563,1961-07-13
600,Cliente 600,81981143014,1994-03-05
601,Cliente 601,31931556003,1956-11-02
602,Cliente 602,71910321336,1955-06-13
603,Cliente 603,11983667964,1978-09-13
604,Cliente 604,71977859104,1985-10-04
605,Cliente 605,81973205955,1968-02-17
606,Cliente 606,81953509641,1984-02-12
607,Cliente 607,71907583354,1968-02-20
608,Cliente 608,21939367797,2006-04-22
609,Cliente 609,81922468492,1984-06-06
610,Cliente 610,91916413486,1970-12-15
611,Cliente 611,61983752812,1967-12-03
612,Cliente 612,61995723191,1956-08-16
613,Cliente 613,91968914332,1975-03-31
614,Cliente 614,71975623580,1993-06-26
615,Cliente 615,91911618627,2009-06-03
616,Cliente 616,61993982380,1984-02-14
617,Cliente 617,21952411802,2007-03-05
618,Cliente 618,91920154994,1955-01-17
619,Cliente 619,31912920739,1963-09-27
620,Cliente 620,61907726890,1956-01-28
621,Cliente 621,31908357956,1972-03-04
622,Cliente 622,61992663037,2001-06-03
623,Cliente 623,21989729573,1964-12-10
624,Cliente 624,81974504214,1971-11-25
625,Cliente 625,91928688729,1980-06-30
626,Cliente 626,81991054442,2010-07-12
627,Cliente 627,61924062169,2006-02-05
628,Cliente 628,71960628583,1979-05-21
629,Cliente 629,81930256337,2001-12-24
630,Cliente 630,11925836512,2006-01-04
631,Cliente 631,91931549031,2000-01-27
632,Cliente 632,61936346859,1977-02-14
633,Cliente 633,61953689327,1974-06-09
634,Cliente 634,61937944452,2010-08-10
635,Cliente 635,71984776775,1995-11-03
636,Cliente 636,91991253744,1974-05-24
637,Cliente 637,61955684473,1980-04-02
638,Cliente 638,11976796917,1968-07-11
639,Cliente 639,31975996188,2008-10-24
640,Cliente 640,81982972373,1964-06-18
641,Cliente 641,31957292182,1976-04-28
642,Cliente 642,11983700525,1962-06-04
643,Cliente 643,71969111188,1985-11-19
644,Cliente 644,21962671672,2004-06-04
645,Cliente 645,11980908854,2000-04-05
646,Cliente 646,31960749710,1988-02-06
647,Cliente 647,71918492846,1982-10-08
648,Cliente 648,11997483912,2000-11-09
649,Cliente 649,21992786099,1997-09-04
650,Cliente 650,11919894388,1982-01-05
651,Cliente 651,21990190760,1967-05-29
652,Cliente 652,31999508798,1989-09-25
653,Cliente 653,61926395160,1969-08-05
654,Cliente 654,21958435658,1970-02-01
655,Cliente 655,81911149697,1979-07-18
656,Cliente 656,91913757649,1972-10-11
657,Cliente 657,31980535969,1984-06-16
658,Cliente 658,31963213072,1969-11-22
659,Cliente 659,31906857658,1994-08-17
660,Cliente 660,61927915002,1981-09-26
661,Cliente 661,31986487703,1991-05-11
662,Cliente 662,11939785651,1972-10-29
663,Cliente 663,81911292148,1986-06-10
664,Cliente 664,11980074928,2003-04-09
665,Cliente 665,71977688894,2010-05-15
666,Cliente 666,31931199893,1961-07-04
667,Cliente 667,21956240283,2008-02-05
668,Cliente 668,21931299028,1987-05-17
669,Cliente 669,11993569990,2004-11-10
670,Cliente 670,11992294504,1974-02-09
671,Cliente 671,11935966581,1981-12-02
672,Cliente 672,81998138587,1989-03-27
673,Cliente 673,91909427504,1973-12-02
674,Cliente 674,91907022336,1993-07-29
675,Cliente 675,71995855581,1961-01-05
676,Cliente 676,91988213938,2010-02-12
677,Cliente 677,31979594423,1971-05-15
678,Cliente 678,31924210749,2001-12-18
679,Cliente 679,81913691164,1957-02-19
680,Cliente 680,11922761900,1982-02-16
681,Cliente 681,71914246173,1972-04-04
682,Cliente 682,31913781009,1995-03-18
683,Cliente 683,11967812526,1965-11-27
684,Cliente 684,21913769205,1981-01-07
685,Cliente 685,61952991088,2001-04-14
686,Cliente 686,21965954738,1990-10-14
687,Cliente 687,91939648899,1988-06-28
688,Cliente 688,11993900039,1967-07-20
689,Cliente 689,71955849014,1971-04-13
690,Cliente 690,91913942402,1999-11-03
691,Cliente 691,21989097673,1974-07-08
692,Cliente 692,31981602413,1987-07-21
693,Cliente 693,21910669435,1988-08-10
694,Cliente 694,11943728950,1961-09-27
695,Cliente 695,61999831174,1994-02-16
696,Cliente 696,71907449607,1993-06-06
697,Cliente 697,11987929144,1986-04-23
698,Cliente 698,91916701250,1956-11-16
699,Cliente 699,91967185082,2005-10-09
700,Cliente 700,91984656124,1988-07-24
701,Cliente 701,81980170222,1998-10-12
702,Cliente 702,71995754818,1999-12-18
703,Cliente 703,31983463150,1984-05-24
704,Cliente 704,21985808215,1968-05-07
705,Cliente 705,81940576287,2003-04-19
706,Cliente 706,81976106218,1985-08-13
707,Cliente 707,61929677043,1961-01-05
708,Cliente 708,71969071029,1974-08-14
709,Cliente 709,71900611213,1998-10-19
710,Cliente 710,91949349430,1993-12-02
711,Cliente 711,21955842822,1955-10-29
712,Cliente 712,21998820870,2001-08-17
713,Cliente 713,11987558294,1994-11-23
714,Cliente 714,71906202258,1982-03-31
715,Cliente 715,61976989724,1984-06-30
716,Cliente 716,61970635601,1999-03-11
717,Cliente 717,21918786176,2009-07-17
718,Cliente 718,91940473321,1990-10-01
719,Cliente 719,91920153729,1989-03-23
720,Cliente 720,31912790902,1998-08-04
721,Cliente 721,61977973011,1987-07-02
722,Cliente 722,71906193956,1966-03-06
723,Cliente 723,81989323229,1992-07-23
724,Cliente 724,11974380340,1983-10-18
725,Cliente 725,61903266402,1965-04-12
726,Cliente 726,61924899065,1959-09-21
727,Cliente 727,81964910615,1958-10-08
728,Cliente 728,11914072989,1978-11-02
729,Cliente 729,31983976173,1979-05-09
730,Cliente 730,91979908991,2004-05-20
731,Cliente 731,11968841329,2005-07-07
732,Cliente 732,31953505232,1999-12-02
733,Cliente 733,81998513416,2006-08-05
734,Cliente 734,21936413676,1971-03-24
735,Cliente 735,11933877350,1972-02-12
736,Cliente 736,11961658869,1980-12-31
737,Cliente 737,81996337130,1964-01-14
738,Cliente 738,81967225603,1978-06-02
739,Cliente 739,21966268268,1965-03-16
740,Cliente 740,21995809238,2001-04-07
741,Cliente 741,71978987338,2001-01-31
742,Cliente 742,81934569361,1971-06-25
743,Cliente 743,71910971177,1997-05-03
744,Cliente 744,61920080673,1982-07-05
745,Cliente 745,11974052985,1987-03-08
746,Cliente 746,61981266262,1961-11-25
747,Cliente 747,71947226729,1963-06-09
748,Cliente 748,81951048404,1958-11-29
749,Cliente 749,31970860062,1965-11-11
750,Cliente 750,81957701082,1972-08-24
751,Cliente 751,21929063435,1994-11-18
752,Cliente 752,71937738488,1993-06-12
753,Cliente 753,71982125254,1986-01-07
754,Cliente 754,21935055276,1960-11-29
755,Cliente 755,11953775257,1969-01-19
756,Cliente 756,71934954715,2006-10-31
757,Cliente 757,81981250937,2008-01-06
758,Cliente 758,81967499583,1995-11-20
759,Cliente 759,21943092987,1983-09-04
760,Cliente 760,81982822506,2007-02-10
761,Cliente 761,11987182130,1984-08-01
762,Cliente 762,71940381731,1963-06-11
763,Cliente 763,31924694812,2002-09-12
764,Cliente 764,71931970599,1993-03-06
765,Cliente 765,31951207679,2009-05-30
766,Cliente 766,61901270896,1975-10-27
767,Cliente 767,31968168486,1997-02-08
768,Cliente 768,31950709813,2007-01-26
769,Cliente 769,21992983350,1965-11-27
770,Cliente 770,91971240343,1959-11-14
771,Cliente 771,81942955157,1968-12-28
772,Cliente 772,71964445751,1988-02-04
773,Cliente 773,11985518073,2002-12-08
774,Cliente 774,61936905710,2001-10-07
775,Cliente 775,61924755666,1960-12-19
776,Cliente 776,31986654442,1981-04-10
777,Cliente 777,11976176890,1969-05-18
778,Cliente 778,71993389281,1980-04-14
779,Cliente 779,11989817241,2005-02-20
780,Cliente 780,21955182836,1995-09-19
781,Cliente 781,11954278856,1957-10-10
782,Cliente 782,11928104320,2000-06-23
783,Cliente 783,11974842172,1960-01-03
784,Cliente 784,31919482215,1976-08-27
785,Cliente 785,21995268888,1970-04-20
786,Cliente 786,91957696034,1990-11-22
787,Cliente 787,31965564145,1960-07-16
788,Cliente 788,71910047595,1994-10-20
789,Cliente 789,61995112669,1971-02-17
790,Cliente 790,81940131083,1957-12-16
791,Cliente 791,31909004644,1968-10-15
792,Cliente 792,61947517690,1997-02-08
793,Cliente 793,11950760636,1984-08-18
794,Cliente 794,11954706505,1962-01-07
795,Cliente 795,11936532022,1964-01-06
796,Cliente 796,11945745469,1964-10-26
797,Cliente 797,31957874183,1999-01-17
798,Cliente 798,91938808656,1999-01-30
799,Cliente 799,91922992356,1973-03-10
800,Cliente 800,81952534223,1965-11-03
801,Cliente 801,81950795719,1985-02-17
802,Cliente 802,11988798296,1984-07-02
803,Cliente 803,61910563214,1955-06-11
804,Cliente 804,31981252249,1998-11-20
805,Cliente 805,11928172140,2001-06-25
806,Cliente 806,21935119150,1993-12-13
807,Cliente 807,21981597126,1985-07-16
808,Cliente 808,11923387092,1988-01-28
809,Cliente 809,81939678201,1964-04-13
810,Cliente 810,91911579149,1971-06-03
811,Cliente 811,91942607220,1989-10-02
812,Cliente 812,91969144712,2001-09-03
813,Cliente 813,31977937327,1980-07-12
814,Cliente 814,21966626362,1956-06-25
815,Cliente 815,91960523996,1968-12-11
816,Cliente 816,21978566365,1991-10-07
817,Cliente 817,61903433382,1985-07-28
818,Cliente 818,31928348817,2002-03-26
819,Cliente 819,31970503913,1998-12-24
820,Cliente 820,91924728848,1983-02-01
821,Cliente 821,81910822814,1998-12-05
822,Cliente 822,31952879148,1969-12-22
823,Cliente 823,21942942594,1972-02-17
824,Cliente 824,71915170521,1984-05-08
825,Cliente 825,91912267883,1958-03-15
826,Cliente 826,91911984398,1957-04-10
827,Cliente 827,11930715395,1959-07-10
828,Cliente 828,71923215061,2002-12-20
829,Cliente 829,11982058636,2007-07-21
830,Cliente 830,21986621344,1981-01-22
831,Cliente 831,71994975401,1991-04-20
832,Cliente 832,61961029245,1999-04-24
833,Cliente 833,21992733985,1957-10-16
834,Cliente 834,81901020154,1982-06-16
835,Cliente 835,91938499601,1989-01-30
836,Cliente 836,31932339834,1989-03-08
837,Cliente 837,91940739629,1958-07-07
838,Cliente 838,61992057628,2001-08-30
839,Cliente 839,81927259197,2005-05-12
840,Cliente 840,71947379179,1959-09-30
841,Cliente 841,11978414095,2005-09-04
842,Cliente 842,61965856750,2005-10-20
843,Cliente 843,11978483721,1999-06-09
844,Cliente 844,81949464216,1994-08-16
845,Cliente 845,91964884070,1990-04-16
846,Cliente 846,61980884100,1964-07-03
847,Cliente 847,11986015965,1979-09-20
848,Cliente 848,11971829506,1977-10-21
849,Cliente 849,71946695565,1960-09-28
850,Cliente 850,81938963185,1993-07-22
851,Cliente 851,61963813565,1993-02-20
852,Cliente 852,71946571160,1982-08-04
853,Cliente 853,11917562548,1972-07-07
854,Cliente 854,81959488206,1962-07-20
855,Cliente 855,11967506574,2010-08-04
856,Cliente 856,11971425912,2005-01-22
857,Cliente 857,61981242298,2007-01-02
858,Cliente 858,21971894820,2003-10-29
859,Cliente 859,71938580196,1968-09-26
860,Cliente 860,31948665285,1999-10-27
861,Cliente 861,91917687991,1976-11-25
862,Cliente 862,91931061293,1982-11-30
863,Cliente 863,31984445004,1960-09-27
864,Cliente 864,21946316696,1997-04-03
865,Cliente 865,91996287283,1984-01-04
866,Cliente 866,61955498298,1998-08-24
867,Cliente 867,61950763061,2008-12-23
868,Cliente 868,71977921522,1996-04-13
869,Cliente 869,71951195209,1968-12-23
870,Cliente 870,31987093473,2008-01-05
871,Cliente 871,11907456985,1962-10-10
872,Cliente 872,11984912633,1964-04-07
873,Cliente 873,31958865527,1984-09-16
874,Cliente 874,81983836420,1982-07-11
875,Cliente 875,71920521013,1991-12-11
876,Cliente 876,91937735088,2001-09-25
877,Cliente 877,11992351586,1993-09-17
878,Cliente 878,61975785788,1975-08-15
879,Cliente 879,31991233769,1966-09-23
880,Cliente 880,31935383985,1976-03-07
881,Cliente 881,21936595773,1976-02-10
882,Cliente 882,11996362498,1959-06-08
883,Cliente 883,31924440805,1993-04-06
884,Cliente 884,71921765239,1990-02-21
885,Cliente 885,71924586222,1996-10-13
886,Cliente 886,11985561923,1958-12-02
887,Cliente 887,81970337892,1979-10-29
888,Cliente 888,21985607690,1967-11-27
889,Cliente 889,11969448631,1981-03-02
890,Cliente 890,31998609786,1980-10-31
891,Cliente 891,61934045468,1968-09-07
892,Cliente 892,11956378562,1955-06-12
893,Cliente 893,11936264673,1960-05-28
894,Cliente 894,61917920169,2008-11-13
895,Cliente 895,11971087566,1978-03-02
896,Cliente 896,11984212996,2001-08-02
897,Cliente 897,31900605409,2002-05-03
898,Cliente 898,61921827621,1960-07-07
899,Cliente 899,31920057988,1981-12-03
900,Cliente 900,21905809041,1976-08-14
901,Cliente 901,81906155579,1955-07-24
902,Cliente 902,71983665691,2001-06-13
903,Cliente 903,71997604556,1979-09-24
904,Cliente 904,11933957164,1969-08-22
905,Cliente 905,81901132658,1962-03-28
906,Cliente 906,21937877058,1976-12-13
907,Cliente 907,21953811239,2006-02-23
908,Cliente 908,31989089996,2002-04-02
909,Cliente 909,71965111328,1970-03-23
910,Cliente 910,81991312343,1998-07-06
911,Cliente 911,31909456807,1994-10-14
912,Cliente 912,61929342048,2001-09-29
913,Cliente 913,31917824559,1965-12-14
914,Cliente 914,11992379916,1994-02-14
915,Cliente 915,31985641772,2001-09-11
916,Cliente 916,11951900771,1976-09-14
917,Cliente 917,91949352346,1997-08-10
918,Cliente 918,81907393979,1958-03-17
919,Cliente 919,91928506244,1987-08-19
920,Cliente 920,31917486878,1980-01-05
921,Cliente 921,91922098345,1972-05-13
922,Cliente 922,21931984287,2003-10-29
923,Cliente 923,31942413492,1987-08-30
924,Cliente 924,81910528294,1961-12-14
925,Cliente 925,91904810833,1965-11-03
926,Cliente 926,61984328141,1991-02-04
927,Cliente 927,71932073692,1969-11-15
928,Cliente 928,61927427110,2006-04-28
929,Cliente 929,21924859871,2009-11-27
930,Cliente 930,71999544109,1959-10-20
931,Cliente 931,31953412976,2005-03-01
932,Cliente 932,11929263888,1982-09-19
933,Cliente 933,91907281505,1999-11-02
934,Cliente 934,61938965695,1973-01-14
935,Cliente 935,71914812143,1972-04-05
936,Cliente 936,81908989138,1975-02-10
937,Cliente 937,81979146438,1997-01-12
938,Cliente 938,21973663899,1956-08-20
939,Cliente 939,61999846478,2008-03-29
940,Cliente 940,81915886372,1961-05-25
941,Cliente 941,71932456981,1982-01-18
942,Cliente 942,61975176851,1956-07-26
943,Cliente 943,61922922481,1975-08-05
944,Cliente 944,61984669146,1971-11-24
945,Cliente 945,11990126859,2005-07-31
946,Cliente 946,81990503568,1993-04-23
947,Cliente 947,21920718453,1987-06-23
948,Cliente 948,11952374647,1989-02-15
949,Cliente 949,31937214417,1959-06-22
950,Cliente 950,21991905293,2004-01-05
951,Cliente 951,91900549148,1989-03-08
952,Cliente 952,61996953082,1984-09-14
953,Cliente 953,31902773939,1964-12-27
954,Cliente 954,71936989387,1996-07-21
955,Cliente 955,91913426716,1990-12-23
956,Cliente 956,31938710304,2004-01-25
957,Cliente 957,81985440590,1994-04-23
958,Cliente 958,31910774986,1991-08-08
959,Cliente 959,21904421590,1963-08-04
960,Cliente 960,21911546081,1955-04-08
961,Cliente 961,81929221379,1986-03-26
962,Cliente 962,11936265058,1989-10-31
963,Cliente 963,71944924392,1990-05-21
964,Cliente 964,91958237814,1965-04-08
965,Cliente 965,71926552476,1978-05-15
966,Cliente 966,31908674163,1967-10-11
967,Cliente 967,21998023086,1998-10-31
968,Cliente 968,81948548947,2001-07-12
969,Cliente 969,81927209162,1959-09-24
970,Cliente 970,31957396048,1960-01-29
971,Cliente 971,81900224695,1984-07-27
972,Cliente 972,61953773276,1968-11-03
973,Cliente 973,71914063918,1983-02-14
974,Cliente 974,71958093498,2006-03-22
975,Cliente 975,61997042181,1990-02-05
976,Cliente 976,31920610500,1980-08-26
977,Cliente 977,31913245696,1980-06-01
978,Cliente 978,21982030459,1991-01-23
979,Cliente 979,81948123406,1970-10-23
980,Cliente 980,21955229602,1972-11-06
981,Cliente 981,11901074961,1985-01-26
982,Cliente 982,91911950571,2004-08-24
983,Cliente 983,31912866619,1995-11-26
984,Cliente 984,81969583832,1957-02-20
985,Cliente 985,11989858638,1999-07-31
986,Cliente 986,31904437677,1973-09-06
987,Cliente 987,21947347699,2005-08-15
988,Cliente 988,91905241218,2010-06-12
989,Cliente 989,71926821567,1974-09-11
990,Cliente 990,61905481140,1960-10-14
991,Cliente 991,61998356098,1999-07-29
992,Cliente 992,61965658413,1992-02-21
993,Cliente 993,91954856856,2010-09-23
994,Cliente 994,81919659206,1982-11-18
995,Cliente 995,11958224509,2004-03-05
996,Cliente 996,61955940773,1980-03-13
997,Cliente 997,11919651515,2006-01-31
998,Cliente 998,91983629045,1998-03-31
999,Cliente 999,71981576052,2006-07-02
1000,Cliente 1000,21970047063,1991-12-07
